"Emails           ","Website          ","Phone Number         ","Facebook               ","Twitter               ","Instagram                ","Linkedin             ","Youtube              "
"","https://www.activelifestyleprotection.com/","()","","","","",""
"","https://www.69harleyst.com/","()","","","","",""
"","https://www.alythhotel.co.uk/","()","","","","",""
"","https://www.alexkapadia.com/","()","","","","",""
"","https://www.allsettled.com/","()","","","","",""
"","https://www.amthai.co.uk/","()","","","","",""
"","https://www.amblesidephotos.co.uk/","()","","","","",""
"","https://www.absolutesignandprint.com/","()","","","","",""
"","https://www.balloonsandgasdirect.co.uk/","()","","","","",""
"","https://www.almondforestry.com/","()","","","","",""
"","https://www.anygirlfriday.com/","()","","","","",""
"","https://www.adamdpope.co.uk/","()","","","","",""
"","https://www.balloonsandgas.co.uk/","()","","","","",""
"","https://www.acra.ltd.uk/","()","","","","",""
"","https://www.amelwood.com/","()","","","","",""
"","https://www.2jjsplant.co.uk/","()","","","","",""
"","https://www.activelifestylesolutions.com/","()","","","","",""
"","https://www.4thdunfermlinebb.org.uk/","()","","","","",""
"","https://www.barrowbycakehole.co.uk/","()","","","","",""
"","https://www.active8outofschool.co.uk/","()","","","","",""
"","https://www.barbecuesauce.co.uk/","()","","","","",""
"","https://www.allsaintswithstjamesb-sea.co.uk/","()","","","","",""
"","https://www.acorn-waste.co.uk/","()","","","","",""
"","https://www.4psm.co.uk/","()","","","","",""
"","https://www.adroitutilities.com/","()","","","","",""
"","https://www.activelifestyleinsurance.com/","()","","","","",""
"","https://www.agdoom.com/","()","","","","",""
"","https://www.185scoutgroup.co.uk/","()","","","","",""
"","https://www.balleticresistance.com/","()","","","","",""
"","https://www.2021census.com/","()","","","","",""
"","https://www.alisonandjack.co.uk/","()","","","","",""
"","https://www.barrowbycakehole.com/","()","","","","",""
"","https://www.adebesoshodiya.com/","()","","","","",""
"","https://www.baptismshops.co.uk/","()","","","","",""
"","https://www.beevibe.com/","()","","","","",""
"","https://www.alanstewart.co.uk/","()","","","","",""
"","https://www.antonyssmith.co.uk/","()","","","","",""
"","https://www.abmsols.co.uk/","()","","","","",""
"","https://www.3dshops.co.uk/","()","","","","",""
"","https://www.activelifestyleinsurance.co.uk/","()","","","","",""
"","https://www.anthonymorris.com/","()","","","","",""
"","https://www.abchairextension.co.uk/","()","","","","",""
"","https://www.aplusinter.com/","()","","","","",""
"","https://www.bcsinternational.net/","()","","","","",""
"","https://www.arenaphysio.co.uk/","()","","","","",""
"","https://www.beamishassociates.com/","()","","","","",""
"","https://www.aplex.co.uk/","()","","","","",""
"","https://www.benshermanshoes.co.uk/","()","","","","",""
"","https://www.aquatrident.co.uk/","()","","","","",""
"","https://www.bedfordshiremusictrust.org.uk/","()","","","","",""
"","https://www.best-e-cigarette.org.uk/","()","","","","",""
"","https://www.artisanbiscuitcompany.co.uk/","()","","","","",""
"","https://www.armadatravelclinic.co.uk/","()","","","","",""
"","https://www.applying.co.uk/","()","","","","",""
"","https://www.ashmorepark.com/","()","","","","",""
"","https://www.belmore-estates.com/","()","","","","",""
"","https://www.artesmundi.org/","()","","","","",""
"","https://www.autocolourservices.co.uk/","()","","","","",""
"","https://www.asmithmusic.co.uk/","()","","","","",""
"","https://www.artsubia.com/","()","","","","",""
"","https://www.babarocks.co.uk/","()","","","","",""
"","https://www.asccars.co.uk/","()","","","","",""
"","https://www.bigfootevents.co/","()","","","","",""
"","https://www.atthepeepout.co.uk/","()","","","","",""
"","https://www.aspen.org.uk/","()","","","","",""
"","https://www.benthamdevelopments.co.uk/","()","","","","",""
"","https://www.atlantictraininggroup.com/","()","","","","",""
"","https://www.baby-shops.co.uk/","()","","","","",""
"","https://www.avagad.com/","()","","","","",""
"","https://www.bcrgroup.co.uk/","()","","","","",""
"","https://www.backpackershops.co.uk/","()","","","","",""
"","https://www.bhavan-manchester.co.uk/","()","","","","",""
"","https://www.berrycroftmanor.co.uk/","()","","","","",""
"","https://www.bigentertainments.co/","()","","","","",""
"","https://www.bevlyndance.co.uk/","()","","","","",""
"","https://www.bigeventgroup.co/","()","","","","",""
"","https://www.beyondnlphealthcare.co.uk/","()","","","","",""
"","https://www.bh-impetus.org/","()","","","","",""
"","https://www.bioskinjunior.com/","()","","","","",""
"","https://www.bettaveg.co.uk/","()","","","","",""
"info@elittiling.info","https://www.blackpooltiler.co.uk/","()","http://www.facebook.com/","https://twitter.com/","","",""
"","https://www.blakescore.co.uk/","()","","","","",""
"info@elittiling.info","https://www.blackpooltiling.co.uk/","()","http://www.facebook.com/","https://twitter.com/","","",""
"","https://www.blocked-drains-manchester.net/","()","","","","",""
"","https://www.bonningtonre.com/","()","","","","",""
"","https://www.bongiovi.co.uk/","()","","","","",""
"","https://www.boltonofnewfarnley.co.uk/","()","","","","",""
"","https://www.bloominglovelyflorists.com/","()","","","","",""
"","https://www.blakescore.com/","()","","","","",""
"","https://www.britishmudweek.co.uk/","()","","","","",""
"","https://www.book-shops.net/","()","","","","",""
"","https://www.brianhughesbuilders.com/","()","","","","",""
"","https://www.bracebracebrace.com/","()","","","","",""
"","https://www.brightoned.com/","()","","","","",""
"","https://www.broadsideprint.co.uk/","()","","","","",""
"","https://www.broadgatecreative.co.uk/","()","","","","",""
"","https://www.brockett.me/","()","","","","",""
"","https://www.bronsons.co.uk/","()","","","","",""
"","https://www.caferant.com/","()","","","","",""
"","https://www.campaign-engine.com/","()","","","","",""
"","https://www.carba.co.uk/","()","","","","",""
"","https://www.carltonhs.co.uk/","()","","","","",""
"","https://www.cafembriki.co.uk/","()","","","","",""
"","https://www.carbonneutralfuel.co.uk/","()","","","","",""
"","https://www.camelvoyages.com/","()","","","","",""
"","https://www.ccrbuilding.net/","()","","","","",""
"","https://www.ccrm.co.uk/","()","","","","",""
"","https://www.carlingcontracts.com/","()","","","","",""
"","https://www.carrentalengland.co.uk/","()","","","","",""
"","https://www.cedarsforestschool.co.uk/","()","","","","",""
"","https://www.celticorbit.com/","()","","","","",""
"info@btsa.london","https://www.btsa.london/","()","","http://twitter.com/#","","",""
"","https://www.centralelectrics.com/","()","","","","",""
"","https://www.chaco.org.uk/","()","","","","",""
"","https://www.central-electrical.co.uk/","()","","","","",""
"","https://www.cephasresourcesolutions.com/","()","","","","",""
"","https://www.chaletsante.com/","()","","","","",""
"","https://www.chaiatlachapelle.eu/","()","","","","",""
"","https://www.chang.co.uk/","()","","","","",""
"","https://www.charterhouse-leisure.co.uk/","()","","","","",""
"","https://www.charliecummings.co.uk/","()","","","","",""
"","https://www.charlie-hotel.co.uk/","()","","","","",""
"","https://www.cheekymonkeyparties.com/","()","","","","",""
"","https://www.chique-intl.com/","()","","","","",""
"","https://www.chrisbaldwinphotography.co.uk/","()","","","","",""
"","https://www.church-textiles.co.uk/","()","","","","",""
"","https://www.cityappgroup.com/","()","","","","",""
"","https://www.cleeveconstruction.co.uk/","()","","","","",""
"","https://www.coffee-drops.co.uk/","()","","","","",""
"","https://www.cnc-repair.co.uk/","()","","","","",""
"","https://www.charliekenny.com/","()","","","","",""
"","https://www.cityappsgroup.com/","()","","","","",""
"","https://www.collabarent.com/","()","","","","",""
"","https://www.colmconcannon.com/","()","","","","",""
"","https://www.coloursearch.co.uk/","()","","","","",""
"","https://www.colourswap.com/","()","","","","",""
"info@elittiling.info","https://www.commercialtilingsalford.co.uk/","()","http://www.facebook.com/","https://twitter.com/","","",""
"info@elittiling.info","https://www.commercialtilingworsley.co.uk/","()","http://www.facebook.com/","https://twitter.com/","","",""
"","https://www.communityaccord.com/","()","","","","",""
"","https://www.cool-logic.co.uk/","()","","","","",""
"","https://www.cornishdelight.co.uk/","()","","","","",""
"","https://www.courtlands-ra.co.uk/","()","","","","",""
"","https://www.correctperformance.co.uk/","()","","","","",""
"","https://www.corecleaningservices.com/","()","","","","",""
"","https://www.craftedlondon.co.uk/","()","","","","",""
"","https://www.cracs.co.uk/","()","","","","",""
"","https://www.creativetribe.co.uk/","()","","","","",""
"","https://www.completeselfstorage.co.uk/","()","","","","",""
"","https://www.cricketshops.co.uk/","()","","","","",""
"info@elittiling.info","https://www.commercialtilingmanchester.co.uk/","()","http://www.facebook.com/","https://twitter.com/","","",""
"","https://www.cricket-shops.co.uk/","()","","","","",""
"","https://www.crowdedskies.com/","()","","","","",""
"","https://www.csmechanicals.com/","()","","","","",""
"","https://www.customsailshades.co.uk/","()","","","","",""
"","https://www.csmeewriter.com/","()","","","","",""
"","https://www.customfs.co.uk/","()","","","","",""
"","https://www.daleswebs.co.uk/","()","","","","",""
"","https://www.darkalpha.net/","()","","","","",""
"","https://www.cyprus-luxury-villas.co.uk/","()","","","","",""
"","https://www.davidklyne.co.uk/","()","","","","",""
"","https://www.darulshafa.co.uk/","()","","","","",""
"","https://www.dbenservices.com/","()","","","","",""
"","https://www.deeryfunerals.com/","()","","","","",""
"","https://www.dicedcherries.com/","()","","","","",""
"","https://www.desiccants.co.uk/","()","","","","",""
"","https://www.dementiacarers.co.uk/","()","","","","",""
"","https://www.diplomaindigitalmarketing.com/","()","","","","",""
"","https://www.discovermytholmroyd.info/","()","","","","",""
"","https://www.dog-racing.co.uk/","()","","","","",""
"","https://www.djimm.co.uk/","()","","","","",""
"","https://www.donnarose.co.uk/","()","","","","",""
"","https://www.dtmphotography.co.uk/","()","","","","",""
"","https://www.domainpulp.com/","()","","","","",""
"","https://www.dulevo.co.uk/","()","","","","",""
"","https://www.eaglecarhire.co.uk/","()","","","","",""
"","https://www.chillipeppermarketing.com/","()","","","","",""
"","https://www.e-foreknowledge.co.uk/","()","","","","",""
"","https://www.dynamicscrm.org.uk/","()","","","","",""
"","https://www.edgedesignlimited.com/","()","","","","",""
"","https://www.easthillautos.co.uk/","()","","","","",""
"","https://www.earlstone.co.uk/","()","","","","",""
"","https://www.educationthroughhorses.org/","()","","","","",""
"","https://www.edinburgh-webdesign.co.uk/","()","","","","",""
"","https://www.eeeff.net/","()","","","","",""
"","https://www.educatetraining.co.uk/","()","","","","",""
"","https://www.ekristensen.co.uk/","()","","","","",""
"","https://www.ekoeuropa.com/","()","","","","",""
"","https://www.egyptology.co.uk/","()","","","","",""
"","https://www.eleanorcross.net/","()","","","","",""
"","https://www.elizabethdeed.com/","()","","","","",""
"","https://www.ensignmotifs.co.uk/","()","","","","",""
"","https://www.emigrateabroad.com/","()","","","","",""
"","https://www.emuseuk.com/","()","","","","",""
"","https://www.essexventures.co.uk/","()","","","","",""
"","https://www.ergoplusfacilities.co.uk/","()","","","","",""
"","https://www.ennova-law.com/","()","","","","",""
"","https://www.ensubsahara.com/","()","","","","",""
"","https://www.everything-frozen.com/","()","","","","",""
"","https://www.exitsplash.co.uk/","()","","","","",""
"info@cyanmarketing.co.uk","https://www.cyan.email/","(01268778555)","https://www.facebook.com/pages/Cyan-Marketing/265981800116816?fref=ts","https://twitter.com/CyanMarketing","https://www.linkedin.com/company/cyan-marketing?trk=extra_biz_viewers_viewed","http://instagram.com/cyangram/#",""
"","https://www.fabtech-uk.com/","()","","","","",""
"","https://www.fireguardltd.com/","()","","","","",""
"","https://www.fimouk.org/","()","","","","",""
"","https://www.forstalassociates.com/","()","","","","",""
"","https://www.faith-house.co.uk/","()","","","","",""
"","https://www.footballpaper.co.uk/","()","","","","",""
"","https://www.fittedkitchensleeds.com/","()","","","","",""
"","https://www.freeflow.co.uk/","()","","","","",""
"","https://www.fpcc.eu/","()","","","","",""
"","https://www.frackingworld.com/","()","","","","",""
"","https://www.galacticknights.co.uk/","()","","","","",""
"","https://www.fuelcells.co.za/","()","","","","",""
"","https://www.freebritain.org.uk/","()","","","","",""
"","https://www.garstangcaravanpark.com/","()","","","","",""
"","https://www.gamecentreuk.com/","()","","","","",""
"","https://www.gaspurge.co.uk/","()","","","","",""
"","https://www.gardencraft.co.uk/","()","","","","",""
"","https://www.gardenshed.net/","()","","","","",""
"","https://www.gd-photography.co.uk/","()","","","","",""
"","https://www.gayleicester.com/","()","","","","",""
"","https://www.gbairporttransfers.co.uk/","()","","","","",""
"","https://www.getonthenet4less.org/","()","","","","",""
"","https://www.genuscare.co.uk/","()","","","","",""
"","https://www.ghostreporter.com/","()","","","","",""
"","https://www.gif-iti.com/","()","","","","",""
"","https://www.ghostreporter.co.uk/","()","","","","",""
"","https://www.glenroyd.com/","()","","","","",""
"","https://www.gourmetwater.co.uk/","()","","","","",""
"","https://www.glasswright.co.uk/","()","","","","",""
"","https://www.golsengrey.co.uk/","()","","","","",""
"","https://www.great-yarmouth.org.uk/","()","","","","",""
"","https://www.graphicdesignfreelancer.net/","()","","","","",""
"","https://www.grantsdriving.com/","()","","","","",""
"","https://www.grenadierpartners.com/","()","","","","",""
"","https://www.groovyfuckers.com/","()","","","","",""
"","https://www.greendayireland.com/","()","","","","",""
"","https://www.harleyandco.co.uk/","()","","","","",""
"","https://www.hamburgconferencing.com/","()","","","","",""
"","https://www.halsallparish.com/","()","","","","",""
"","https://www.heattreatedpallets.org.uk/","()","","","","",""
"","https://www.handhwebsolutions.co.uk/","()","","","","",""
"","https://www.hapsfordconstruction.co.uk/","()","","","","",""
"","https://www.heathpharmacy.co.uk/","()","","","","",""
"","https://www.heightshotel.com/","()","","","","",""
"","https://www.hirani.info/","()","","","","",""
"","https://www.hollyvillas.info/","()","","","","",""
"","https://www.heekki.com/","()","","","","",""
"","https://www.huntsaccountants.co.uk/","()","","","","",""
"","https://www.ianpiper.co.uk/","()","","","","",""
"","https://www.iberianproperties.eu/","()","","","","",""
"","https://www.emergency-doctor.org/","()","","","","",""
"","https://www.icpmscones.co.uk/","()","","","","",""
"","https://www.impact-intelligence.com/","()","","","","",""
"","https://www.ilminster.co.uk/","()","","","","",""
"","https://www.incyyte.net/","()","","","","",""
"","https://www.intranetevolution.com/","()","","","","",""
"","https://www.imaginez-cannes.com/","()","","","","",""
"","https://www.impeccable-entertainment.com/","()","","","","",""
"","https://www.innocentfineart.co.uk/","()","","","","",""
"","https://www.ikszygb.com/","()","","","","",""
"","https://www.islamic-archive.com/","()","","","","",""
"","https://www.isabellemalmaeus.com/","()","","","","",""
"","https://www.jeremymulvey.co.uk/","()","","","","",""
"","https://www.jerryandbens.co.uk/","()","","","","",""
"","https://www.its-payday.com/","()","","","","",""
"","https://www.iamsurvivor.org/","()","","","","",""
"","https://www.jinnahsolicitors.co.uk/","()","","","","",""
"","https://www.johnscottmartin.co.uk/","()","","","","",""
"","https://www.johnskiba.co.uk/","()","","","","",""
"","https://www.jarvisfinancialltd.com/","()","","","","",""
"","https://www.john-mactavish.co.uk/","()","","","","",""
"","https://www.jigsawmarketing.co.uk/","()","","","","",""
"","https://www.jameslathamgolf.com/","()","","","","",""
"","https://www.jojoandflo.com/","()","","","","",""
"","https://www.jonnield.co.uk/","()","","","","",""
"","https://www.joyworld.org.uk/","()","","","","",""
"","https://www.justhired.co.uk/","()","","","","",""
"","https://www.joyfultimesbakery.net/","()","","","","",""
"","https://www.laurawarwick.co.uk/","()","","","","",""
"","https://www.liftingequipmentservices.co.uk/","()","","","","",""
"","https://www.limeblu.co.uk/","()","","","","",""
"","https://www.londonhr.net/","()","","","","",""
"","https://www.littlerandassociates.co.uk/","()","","","","",""
"","https://www.kitchenshowroomsleeds.com/","()","","","","",""
"","https://www.kpevans.co.uk/","()","","","","",""
"","https://www.kitchenbathroomstudio.org.uk/","()","","","","",""
"","https://www.kjw.solutions/","()","","","","",""
"info@elittiling.info","https://www.lancashiretiling.co.uk/","()","http://www.facebook.com/","https://twitter.com/","","",""
"","https://www.lacuna-projects.com/","()","","","","",""
"","https://www.luxurytuscanyfarmhouse.com/","()","","","","",""
"","https://www.lwalegal.com/","()","","","","",""
"","https://www.leedschamber.co.uk/","()","","","","",""
"","https://www.kuhlmusik.com/","()","","","","",""
"","https://www.katherinevose.com/","()","","","","",""
"","https://www.loncast.com/","()","","","","",""
"","https://www.lhrc.co.uk/","()","","","","",""
"","https://www.kitesurfingarmada.org.uk/","()","","","","",""
"","https://www.lovenewbrighton.com/","()","","","","",""
"","https://www.keillorproperty.com/","()","","","","",""
"","https://www.legacymc.co.uk/","()","","","","",""
"","https://www.krsteel.co.uk/","()","","","","",""
"","https://www.kcglobalprocurement.com/","()","","","","",""
"","https://www.klevents.co.uk/","()","","","","",""
"","https://www.luxxlondoninvestment.com/","()","","","","",""
"","https://www.lancingnetwork.co.uk/","()","","","","",""
"","https://www.lukebrothers.co.uk/","()","","","","",""
"","https://www.loncast.co.uk/","()","","","","",""
"","https://www.kitetrackers.com/","()","","","","",""
"","https://www.lizzbrain.com/","()","","","","",""
"","https://www.lunar-marketing.com/","()","","","","",""
"","https://www.m-hx.net/","()","","","","",""
"","https://www.kidstalk.org.uk/","()","","","","",""
"","https://www.makeupsfx.com/","()","","","","",""
"","https://www.klezmeryhdistys.com/","()","","","","",""
"","https://www.lvskies.com/","()","","","","",""
"","https://www.marbleapple.co.uk/","()","","","","",""
"","https://www.magneticrecruitment.co.uk/","()","","","","",""
"","https://www.manchestercarrental.com/","()","","","","",""
"","https://www.mangohealth.co.uk/","()","","","","",""
"","https://www.magicalmedia.co.uk/","()","","","","",""
"","https://www.marcuskeith.co/","()","","","","",""
"","https://www.malcolm-plews.co.uk/","()","","","","",""
"","https://www.maksupaate.net/","()","","","","",""
"","https://www.magicandcircus.com/","()","","","","",""
"","https://www.martinfinancialmanagement.com/","()","","","","",""
"","https://www.marcuskeith.com/","()","","","","",""
"","https://www.massio.com/","()","","","","",""
"","https://www.marshalllaw.co.uk/","()","","","","",""
"","https://www.maxvandebanks.com/","()","","","","",""
"","https://www.mediacodemc.com/","()","","","","",""
"","https://www.mccoyhome.co.uk/","()","","","","",""
"","https://www.mcertsaudits.com/","()","","","","",""
"","https://www.mcertsqms.com/","()","","","","",""
"","https://www.medifileltd.com/","()","","","","",""
"","https://www.meikeaupperle.com/","()","","","","",""
"","https://www.medicalevents.co.za/","()","","","","",""
"","https://www.meraki.restaurant/","()","","","","",""
"","https://www.miframe.co.uk/","()","","","","",""
"","https://www.meridianworks.com/","()","","","","",""
"","https://www.meyercookware.co.uk/","()","","","","",""
"","https://www.miller-ellis.co.uk/","()","","","","",""
"","https://www.miltonabbey.info/","()","","","","",""
"","https://www.milnemanagement.com/","()","","","","",""
"","https://www.minervaiwp.com/","()","","","","",""
"","https://www.member-solutions.com/","()","","","","",""
"","https://www.mminstalls.co.uk/","()","","","","",""
"","https://www.mindyourbiz.co.uk/","()","","","","",""
"","https://www.mokshamusic.co.uk/","()","","","","",""
"","https://www.minimoments.co.uk/","()","","","","",""
"","https://www.momodigital.co.uk/","()","","","","",""
"","https://www.motortradepro.com/","()","","","","",""
"","https://www.moreton.co.uk/","()","","","","",""
"","https://www.motorboatdisposal.com/","()","","","","",""
"","https://www.movingtonewyork.co.uk/","()","","","","",""
"","https://www.marinebreakers.com/","()","","","","",""
"","https://www.mrphormula.com/","()","","","","",""
"","https://www.mrslick.co.uk/","()","","","","",""
"","https://www.moxton-education.com/","()","","","","",""
"","https://www.newlandsjuniorcollege.org.uk/","()","","","","",""
"","https://www.network-knowledge.net/","()","","","","",""
"","https://www.muebon.com/","()","","","","",""
"","https://www.moneymastersystems.com/","()","","","","",""
"","https://www.margaritagluzberg.com/","()","","","","",""
"","https://www.nexusprofessionals.co.uk/","()","","","","",""
"","https://www.neptune-navigation.com/","()","","","","",""
"","https://www.nematodes.co.uk/","()","","","","",""
"","https://www.n-cubic.com/","()","","","","",""
"","https://www.nhagroup.biz/","()","","","","",""
"","https://www.newdigitalstorytelling.co.uk/","()","","","","",""
"","https://www.ne1i.com/","()","","","","",""
"","https://www.numatel.co.uk/","()","","","","",""
"","https://www.northernstonesales.com/","()","","","","",""
"","https://www.northernstoneandpaving.com/","()","","","","",""
"","https://www.oldstonesales.co.uk/","()","","","","",""
"","https://www.oldstonesales.com/","()","","","","",""
"","https://www.offkey-music.com/","()","","","","",""
"","https://www.nickyhillier.co.uk/","()","","","","",""
"","https://www.mpofuengineering.co.za/","()","","","","",""
"","https://www.opusplastics.com/","()","","","","",""
"","https://www.nowfood.co.uk/","()","","","","",""
"","https://www.onlinetrainingstation.com/","()","","","","",""
"","https://www.northkitesurfing.ie/","()","","","","",""
"","https://www.objcoaching.com/","()","","","","",""
"","https://www.paniscafe.co.uk/","()","","","","",""
"","https://www.panzerace.net/","()","","","","",""
"","https://www.ozzyjames.co/","()","","","","",""
"","https://www.pbxlabs.co.uk/","()","","","","",""
"","https://www.perfect-practice.co.za/","()","","","","",""
"","https://www.pentreuchacaravanpark.com/","()","","","","",""
"","https://www.parfittplumbing.co.uk/","()","","","","",""
"","https://www.persondyproperties.ltd/","()","","","","",""
"","https://www.pnbconsulting.co.uk/","()","","","","",""
"","https://www.pmjoinery.co/","()","","","","",""
"","https://www.pippamackenzieportraits.com/","()","","","","",""
"","https://www.picturevalve.com/","()","","","","",""
"","https://www.plumbers-insurance.co.uk/","()","","","","",""
"","https://www.pixelkutz.com/","()","","","","",""
"","https://www.plasterprojects.co.uk/","()","","","","",""
"","https://www.phoenixwaste.co.uk/","()","","","","",""
"","https://www.podmarketingsolutions.co.uk/","()","","","","",""
"","https://www.piksvideo.com/","()","","","","",""
"","https://www.placeyoursite.co.uk/","()","","","","",""
"","https://www.polypipelines.co.uk/","()","","","","",""
"","https://www.petrolmag.net/","()","","","","",""
"","https://www.plinthcreative.com/","()","","","","",""
"","https://www.planetpolish.com/","()","","","","",""
"","https://www.poppyfrench.co.uk/","()","","","","",""
"","https://www.postcodecoffee.co/","()","","","","",""
"","https://www.podshoes.co.uk/","()","","","","",""
"","https://www.potterchauffeurs.co.uk/","()","","","","",""
"","https://www.premier-autos.net/","()","","","","",""
"","https://www.pouchedrats.co.uk/","()","","","","",""
"","https://www.printyourimages.com/","()","","","","",""
"","https://www.project-jungle.co.uk/","()","","","","",""
"","https://www.rapiditsolutions.co.uk/","()","","","","",""
"","https://www.projectjungle.com/","()","","","","",""
"","https://www.psgardening.co.uk/","()","","","","",""
"","https://www.projectjungle.co.uk/","()","","","","",""
"","https://www.project-jungle.com/","()","","","","",""
"","https://www.rbdisplay.co.uk/","()","","","","",""
"","https://www.prolightinglondon.com/","()","","","","",""
"","https://www.ready-homes.co.uk/","()","","","","",""
"","https://www.redcherryrentals.co.za/","()","","","","",""
"","https://www.reallyclevercomms.com/","()","","","","",""
"","https://www.recruitment-views.com/","()","","","","",""
"","https://www.redsquareinternational.co.uk/","()","","","","",""
"","https://www.redbrix.net/","()","","","","",""
"","https://www.renewablerisk.com/","()","","","","",""
"","https://www.referendumtv.net/","()","","","","",""
"","https://www.planetpolish.co.uk/","()","","","","",""
"","https://www.residentialinnovation.com/","()","","","","",""
"","https://www.rocketdogshoes.co.uk/","()","","","","",""
"","https://www.robertmillerplumbing.com/","()","","","","",""
"","https://www.rsisearch.co.uk/","()","","","","",""
"","https://www.roksoft.co.uk/","()","","","","",""
"","https://www.revivetheclyde.org/","()","","","","",""
"","https://www.peterguest.co.uk/","()","","","","",""
"","https://www.polyethylenepipelines.co.uk/","()","","","","",""
"","https://www.rjlewis.co.uk/","()","","","","",""
"","https://www.rosalind.photography/","()","","","","",""
"","https://www.ruthdisneyevans.com/","()","","","","",""
"","https://www.rugbyshops.com/","()","","","","",""
"","https://www.pontelandchildcare.co.uk/","()","","","","",""
"","https://www.safeguardproducts.co.uk/","()","","","","",""
"","https://www.saphirea.co.uk/","()","","","","",""
"","https://www.scissor-lift-tables.co.uk/","()","","","","",""
"","https://www.seaofgreen.co.uk/","()","","","","",""
"","https://www.pickfordspc.com/","()","","","","",""
"","https://www.sdcinstallations.com/","()","","","","",""
"","https://www.semcar.com/","()","","","","",""
"","https://www.searchmagnet.co.uk/","()","","","","",""
"","https://www.secureall.co.uk/","()","","","","",""
"","https://www.secretmerch.com/","()","","","","",""
"","https://www.scuderiaecosse.com/","()","","","","",""
"","https://www.sel-it.co.uk/","()","","","","",""
"","https://www.sig-insulationsolutions.com/","()","","","","",""
"","https://www.silverfoxremovals.co.uk/","()","","","","",""
"","https://www.shaolingungfu.org/","()","","","","",""
"","https://www.shelleystyles.com/","()","","","","",""
"","https://www.severndesign.co.uk/","()","","","","",""
"","https://www.shonalowecounselling.com/","()","","","","",""
"","https://www.shareshops.co.uk/","()","","","","",""
"","https://www.sitgesgaypride.com/","()","","","","",""
"info@silika-ltd.com","https://www.silika-ltd.com/","()","","https://twitter.com/Silikaltd","","",""
"","https://www.snatchmusic.co.uk/","()","","","","",""
"","https://www.sitgesbookings.com/","()","","","","",""
"","https://www.slsstoke.co.uk/","()","","","","",""
"","https://www.sitgesreservas.com/","()","","","","",""
"","https://www.sleepwakehome.com/","()","","","","",""
"","https://www.soaassociates.co.uk/","()","","","","",""
"","https://www.sourcedirectrecordings.com/","()","","","","",""
"","https://www.somerbyequestriancentre.com/","()","","","","",""
"","https://www.spinefine.co.uk/","()","","","","",""
"","https://www.sportspaper.co.uk/","()","","","","",""
"","https://www.stephendowds.com/","()","","","","",""
"","https://www.scissor-tables.net/","()","","","","",""
"","https://www.stglass.eu/","()","","","","",""
"","https://www.stewartsmithrecruitment.co.uk/","()","","","","",""
"","https://www.stillnessinmind.com/","()","","","","",""
"","https://www.stillpublishing.co.uk/","()","","","","",""
"","https://www.serverandnetwork.support/","()","","","","",""
"","https://www.stonar.com/","()","","","","",""
"","https://www.sttropezsuntrap.com/","()","","","","",""
"","https://www.strawberryfieldsphotography.co.uk/","()","","","","",""
"","https://www.studentaccommodationnottingham.co/","()","","","","",""
"","https://www.shootfighters.com/","()","","","","",""
"","https://www.stylefeeder.co.uk/","()","","","","",""
"","https://www.surreycricket.co.uk/","()","","","","",""
"","https://www.sujoremi.com/","()","","","","",""
"","https://www.simplydeliciousbakery.co.uk/","()","","","","",""
"","https://www.sussexdarts.com/","()","","","","",""
"","https://www.southcerney.org/","()","","","","",""
"","https://www.swim64.com/","()","","","","",""
"","https://www.susie-taylor.com/","()","","","","",""
"","https://www.talentstudio.co.uk/","()","","","","",""
"","https://www.suttonhomeimprovements.co.uk/","()","","","","",""
"","https://www.swingoutsisters.com/","()","","","","",""
"","https://www.syenap.com/","()","","","","",""
"","https://www.technicalsolutions.co.uk/","()","","","","",""
"","https://www.taxhelpdirect.co.uk/","()","","","","",""
"","https://www.thebestsingingwaiters.co/","()","","","","",""
"","https://www.specialbranch.org.uk/","()","","","","",""
"","https://www.theageofgold.com/","()","","","","",""
"","https://www.theactionstation.co.uk/","()","","","","",""
"","https://www.thejuicesmith.co.uk/","()","","","","",""
"","https://www.thefriendlyitcompany.co.uk/","()","","","","",""
"","https://www.thescruffynerfherder.com/","()","","","","",""
"","https://www.thedrummonds.email/","()","","","","",""
"","https://www.theoyster.org.uk/","()","","","","",""
"","https://www.thevaninsurancecompany.net/","()","","","","",""
"","https://www.thegellers.co.uk/","()","","","","",""
"","https://www.thepiedbull.org.uk/","()","","","","",""
"","https://www.thomasderrett.com/","()","","","","",""
"","https://www.timroseartist.com/","()","","","","",""
"","https://www.tiore.co.uk/","()","","","","",""
"","https://www.tickthebox.co.uk/","()","","","","",""
"","https://www.trueimageltd.com/","()","","","","",""
"","https://www.trainersbay.co.uk/","()","","","","",""
"","https://www.tridentdevelopments.co.uk/","()","","","","",""
"","https://www.torqueengineering.co.uk/","()","","","","",""
"","https://www.triangleequity.com/","()","","","","",""
"","https://www.summitfitness.co.uk/","()","","","","",""
"","https://www.tubland.co.uk/","()","","","","",""
"","https://www.ullapoolnews.co.uk/","()","","","","",""
"","https://www.ukbranding.com/","()","","","","",""
"","https://www.url2.email/","()","","","","",""
"","https://www.umarsfashion.com/","()","","","","",""
"","https://www.theenglishpeople.org.uk/","()","","","","",""
"","https://www.tapdancingturkeys.com/","()","","","","",""
"","https://www.uniquesteelsupplies.com/","()","","","","",""
"","https://www.ukbeijingers.org/","()","","","","",""
"","https://www.v-we.co.uk/","()","","","","",""
"","https://www.survivalaudiobooks.com/","()","","","","",""
"","https://www.verylowbills.com/","()","","","","",""
"","https://www.videojournalism.co.uk/","()","","","","",""
"","https://www.villacasamartin.com/","()","","","","",""
"","https://www.vargas.org.uk/","()","","","","",""
"","https://www.waterfrontiow.com/","()","","","","",""
"","https://www.vivoverbier.com/","()","","","","",""
"","https://www.verabluebell.co.uk/","()","","","","",""
"","https://www.virtualbranchware.co.uk/","()","","","","",""
"","https://www.vanessaroff.com/","()","","","","",""
"","https://www.vandercraft.co.uk/","()","","","","",""
"","https://www.valeriebird.eu/","()","","","","",""
"info@wmml.co.uk","https://www.wardropmineralsmanagement.co.uk/","()","https://www.facebook.com/Wardrop-Minerals-Management-101364504616131/","https://twitter.com/WardropMinerals","","",""
"","https://www.wcpmuk.com/","()","","","","",""
"","https://www.websitesedinburgh.co.uk/","()","","","","",""
"","https://www.wellsdb.com/","()","","","","",""
